{
  "authority": "verified_pipeline_stage_receipt",
  "benchmark_manifest_sha256": "557cfe1eccd522d19e6a06177b2d86e6b1a55587b8a84cba65732fad4d2bcd4a",
  "candidates": [
    {
      "candidate_id": "transport-r32-s17-5157adc34b0c",
      "deployment_seed": true,
      "metrics": {
        "attention_logit_kl": 0.05666623812597512,
        "attention_output_mse": 0.0438467571664205,
        "native_generation": 1.9519506628540313,
        "optimizer_steps": 1536,
        "prompt_tail_distillation": 0.2916596595633649,
        "samples": 12288,
        "total": 2.2119848662162744,
        "transformed_kv_anchor": 1.3686278393433895
      },
      "parameter_count": 4947552,
      "rank": 32,
      "seed": 17,
      "weights_sha256": "ee36464c81ee5393e905125e57bc143d96efc5b5cac6576d58f3e40362695c93",
      "weights_size_bytes": 19798920
    },
    {
      "candidate_id": "transport-r32-s29-d370fb3273f9",
      "deployment_seed": false,
      "metrics": {
        "attention_logit_kl": 0.057162709756994445,
        "attention_output_mse": 0.04394632634921436,
        "native_generation": 1.9519506628540313,
        "optimizer_steps": 1536,
        "prompt_tail_distillation": 0.2916596595633649,
        "samples": 12288,
        "total": 2.212297389544498,
        "transformed_kv_anchor": 1.3687728766526561
      },
      "parameter_count": 4947552,
      "rank": 32,
      "seed": 29,
      "weights_sha256": "b61f45b694dcbd4d7467b32f3082dd5934b1d3faf190b95f5d573d0ae98206db",
      "weights_size_bytes": 19798920
    },
    {
      "candidate_id": "transport-r32-s43-82be1ded61e5",
      "deployment_seed": false,
      "metrics": {
        "attention_logit_kl": 0.05711144105756224,
        "attention_output_mse": 0.04397677351327426,
        "native_generation": 1.9519506628540313,
        "optimizer_steps": 1536,
        "prompt_tail_distillation": 0.2916596595633649,
        "samples": 12288,
        "total": 2.212291351184831,
        "transformed_kv_anchor": 1.3688165990849182
      },
      "parameter_count": 4947552,
      "rank": 32,
      "seed": 43,
      "weights_sha256": "1f79e44cef920b72ab227010d7733ef17ab7950d1d7e61889a941d9055d4a54d",
      "weights_size_bytes": 19798920
    },
    {
      "candidate_id": "transport-r64-s17-b65196cccb98",
      "deployment_seed": true,
      "metrics": {
        "attention_logit_kl": 0.03677702467007293,
        "attention_output_mse": 0.027196172898660127,
        "native_generation": 1.9519506628540313,
        "optimizer_steps": 1536,
        "prompt_tail_distillation": 0.2916596595633649,
        "samples": 12288,
        "total": 2.1615242156731256,
        "transformed_kv_anchor": 1.0467203056420356
      },
      "parameter_count": 9666144,
      "rank": 64,
      "seed": 17,
      "weights_sha256": "84e6c3c45246fcd09c56d53f8a52459c2f3e4ec5523bef7870f9ec0bc4640d08",
      "weights_size_bytes": 38673296
    },
    {
      "candidate_id": "transport-r64-s29-3b6bbd91dc7c",
      "deployment_seed": false,
      "metrics": {
        "attention_logit_kl": 0.03738784026412153,
        "attention_output_mse": 0.027312993616874337,
        "native_generation": 1.9519506628540313,
        "optimizer_steps": 1536,
        "prompt_tail_distillation": 0.2916596595633649,
        "samples": 12288,
        "total": 2.1618552900351156,
        "transformed_kv_anchor": 1.04639287321091
      },
      "parameter_count": 9666144,
      "rank": 64,
      "seed": 29,
      "weights_sha256": "09995e213bb257d0713100f278c6949bbf3be26e79e0d62342f119c3d89b3019",
      "weights_size_bytes": 38673296
    },
    {
      "candidate_id": "transport-r64-s43-afd9990f2b4e",
      "deployment_seed": false,
      "metrics": {
        "attention_logit_kl": 0.037374853335374304,
        "attention_output_mse": 0.02730830793613374,
        "native_generation": 1.9519506628540313,
        "optimizer_steps": 1536,
        "prompt_tail_distillation": 0.2916596595633649,
        "samples": 12288,
        "total": 2.1618408504691615,
        "transformed_kv_anchor": 1.046336872294584
      },
      "parameter_count": 9666144,
      "rank": 64,
      "seed": 43,
      "weights_sha256": "c4d28069be11ed19bd29062ef307b364dbcfaf55c2e3513304440fd1342af9ca",
      "weights_size_bytes": 38673296
    },
    {
      "candidate_id": "transport-r128-s17-24b8f5ecfd50",
      "deployment_seed": true,
      "metrics": {
        "attention_logit_kl": 0.031057668176269242,
        "attention_output_mse": 0.020306350342480073,
        "native_generation": 1.9519506628540313,
        "optimizer_steps": 1536,
        "prompt_tail_distillation": 0.2916596595633649,
        "samples": 12288,
        "total": 2.1407517200047246,
        "transformed_kv_anchor": 0.902041239028525
      },
      "parameter_count": 19103328,
      "rank": 128,
      "seed": 17,
      "weights_sha256": "f6a51e96482ce1723a67111db0b3aa8df84e185244dc4c80a554b3842e79f624",
      "weights_size_bytes": 76422040
    },
    {
      "candidate_id": "transport-r128-s29-9fa6126accd6",
      "deployment_seed": false,
      "metrics": {
        "attention_logit_kl": 0.031599248409747815,
        "attention_output_mse": 0.02036221233568843,
        "native_generation": 1.9519506628540313,
        "optimizer_steps": 1536,
        "prompt_tail_distillation": 0.2916596595633649,
        "samples": 12288,
        "total": 2.140961855384982,
        "transformed_kv_anchor": 0.9011553743475815
      },
      "parameter_count": 19103328,
      "rank": 128,
      "seed": 29,
      "weights_sha256": "eef1963ae1ffdf1877c45ffc1f35d9febe7815c848e84b6c84cc4603f13f0b8c",
      "weights_size_bytes": 76422040
    },
    {
      "candidate_id": "transport-r128-s43-6613e07f106b",
      "deployment_seed": false,
      "metrics": {
        "attention_logit_kl": 0.03160156572387981,
        "attention_output_mse": 0.02035683694297556,
        "native_generation": 1.9519506628540313,
        "optimizer_steps": 1536,
        "prompt_tail_distillation": 0.2916596595633649,
        "samples": 12288,
        "total": 2.140960680995098,
        "transformed_kv_anchor": 0.9011589321065306
      },
      "parameter_count": 19103328,
      "rank": 128,
      "seed": 43,
      "weights_sha256": "56f8c8641e705cf6961119ce0c03de12aa0314fae5681980695c214c17f7f3e6",
      "weights_size_bytes": 76422040
    }
  ],
  "code_sha256": "5b2f1272e7d6e4fa47ea300dafaddac8e7434d1bfe60969b12d3450533e64fd8",
  "completed_at": "2026-07-14T03:59:51.583055+00:00",
  "direction": "qwen3_4b_to_8b",
  "fit_manifest": {
    "content_sha256": "9481dba63de25c6bf8d553a7ff940aef0310246357664d084fc14ebe684686fd",
    "file_sha256": "765ad2b8e02c0f26babe21feb815ea2d6891f2c4236482f0ffec21a3200b9aac",
    "size_bytes": 10082,
    "workspace_path": "objects/76/765ad2b8e02c0f26babe21feb815ea2d6891f2c4236482f0ffec21a3200b9aac.json"
  },
  "input_sha256": "be262eafee56b3656c517ff22c169ef741922b1c7ec98835ec50896066e94e4a",
  "normalizer_sha256": "6c31c8454e291ed2bbd54d13516ec005779567bffae0c52a8bad1efcd916da10",
  "pipeline_id": "v5-pipeline-832f408e9bfb1cf6acf698a2",
  "schema_version": "goldenexperience.publication_v5_verified_stage.v1",
  "stage": "fit_transport",
  "stage_receipt": {
    "sha256": "f7430b932d3d2441d73b108819a94463f6a634b784d4f1b3d78772b01582592d",
    "workspace_path": "receipts/qwen3_4b_to_8b/fit_transport/f7430b932d3d2441d73b108819a94463f6a634b784d4f1b3d78772b01582592d.json"
  },
  "trace_manifest_content_sha256": "5de790b7507b04720743e5523201ece8a2e5d1a17efaae008dcb959e130e0372",
  "training": {
    "deployment_seed": 17,
    "epochs": 3,
    "gradient_accumulation": 8,
    "initializer": "train_only_row_weighted_ridge_svd",
    "learning_rate": 0.0003,
    "loss": {
      "attention_logit_kl": 0.5,
      "attention_output_mse": 0.5,
      "native_generation": 1.0,
      "prompt_tail_distillation": 0.25,
      "transformed_kv_anchor": 0.1
    },
    "max_grad_norm": 1.0,
    "ranks": [
      32,
      64,
      128
    ],
    "ridge_ratio": 0.001,