rank,seed_count,mean_task_preservation,std_task_preservation,mean_oracle_safe_coverage,std_oracle_safe_coverage,mean_greedy_agreement,std_greedy_agreement,mean_p95_transform_ms,std_p95_transform_ms,any_seed_safe_count,any_seed_safe_coverage,all_seeds_safe_count,all_seeds_safe_coverage,is_selected_rank
32,3,0.9810519696140224,0.00046945608188589887,0.15169270833333334,0.009579387349975365,0.6256306966145834,0.003249736000815336,98.07150697646041,0.0015290162747085801,245,0.2392578125,80,0.078125,False
64,3,0.9813439083725859,0.003195436126583138,0.15234375,0.016649364391333882,0.6177775065104166,0.014058445711031547,98.44496439521511,0.0018987478951778413,262,0.255859375,73,0.0712890625,True
128,3,0.9770903438498797,0.0041287960909422725,0.146484375,0.025874299413069863,0.6045125325520834,0.04094970289908436,99.11896803726752,0.0023087588473681034,270,0.263671875,52,0.05078125,False
