token_bucket,sample_count,safe_count,oracle_safe_coverage,task_preservation,greedy_agreement,perplexity_drift_pct,native_pass_to_bridge_fail_count,greedy_failure_count,drift_failure_count,unsafe_count
128,256,30,0.1171875,0.9792668269230769,0.55859375,24.412442778308947,5,196,225,226
512,256,36,0.140625,0.9794223137973138,0.636474609375,19.565892262448912,5,176,212,220
2048,256,34,0.1328125,0.9696100077259164,0.616943359375,21.92163712989956,8,189,219,222
8192,256,42,0.1640625,0.9791480654761905,0.656982421875,20.05863193661694,6,174,209,214
