{
  "automatic_reuse_approved": false,
  "candidates": [
    {
      "direction": "8b_to_14b",
      "metrics": {
        "bridge_perplexity": 7240.065607594163,
        "bridge_task_score": 0.0,
        "greedy_continuation_match_rate": 0.02734375,
        "key_cosine": 0.8504121899604797,
        "native_perplexity": 34.77033623556532,
        "native_task_score": 1.0,
        "next_token_top1_agreement": 0.02734375,
        "perplexity_drift_pct": 20722.535504239855,
        "value_cosine": 0.6146048195660114
      },
      "rank": 256,
      "source_window": 3,
      "training_samples": 1018,
      "validation_prompts": 16
    },
    {
      "direction": "14b_to_8b",
      "metrics": {
        "bridge_perplexity": 566.5760443128767,
        "bridge_task_score": 0.0,
        "greedy_continuation_match_rate": 0.03515625,
        "key_cosine": 0.851151816546917,
        "native_perplexity": 68.36782382444243,
        "native_task_score": 1.0,
        "next_token_top1_agreement": 0.30078125,
        "perplexity_drift_pct": 728.7173887057643,
        "value_cosine": 0.587454330176115
      },
      "rank": 256,
      "source_window": 3,
      "training_samples": 1018,
      "validation_prompts": 16
    },
    {
      "direction": "8b_to_14b",
      "metrics": {
        "bridge_perplexity": 676964.2425823893,
        "bridge_task_score": 0.0,
        "greedy_continuation_match_rate": 0.03125,
        "key_cosine": 0.8458689674735069,
        "native_perplexity": 34.77033623556532,
        "native_task_score": 1.0,
        "next_token_top1_agreement": 0.03515625,
        "perplexity_drift_pct": 1946859.1493048235,
        "value_cosine": 0.6452630124986172
      },
      "rank": 512,
      "source_window": 3,
      "training_samples": 1790,
      "validation_prompts": 16
    }
  ],
  "dataset_split_hashes": {
    "test": "136f6c1c357f5f31246a5ac455c46ec8f17d6604cf9d8d901f802983ec956908",
    "train": "d38b8509c793475513207595be43722a6d92073b1c9efffc2fea5b03ceead4e0",
    "validation": "386bc5df4af6382325b9a4f802352aace5ab9ef2b7d6441e5420ad6c31000a8f"
  },
  "finalized": false,
  "generated_at_utc": "2026-07-10T06:33:33Z",
  "model_identities": {
    "qwen3_14b_weights_sha256": "cb0d7f0a0bec1ee514630fefd9d2468fe4f61a684cb154f3f288bf42eec70661",
    "qwen3_8b_weights_sha256": "ee9fc280e4d520ded7fea3db8f0eb6f8c596b0babe95b081b6bcb60544f98b38",
    "tokenizer_sha256": "7dc5ac23a90090f6b3f3545fdd8a1da2d262a7916ec4649e660f03180cbb403c"
  },
  "rejection_reasons": [
    "both directions miss key and value cosine thresholds",
    "both directions miss next-token and greedy continuation thresholds",
    "both directions have excessive perplexity drift",
    "both directions fail every bridged task assertion",
    "rank 512 regresses relative to rank 256 and is not a viable capacity-only fix",
    "sealed test split remains unopened",
    "runtime Mooncake read-transform-write cost evidence is missing"
  ],
  "runtime_cost_measured": false,
  "schema_version": "goldenexperience.cached_kv_validation_sweep.v1",
  "sealed_test_opened": false
}
