{
  "automatic_reuse_approved": false,
  "comparisons": {
    "14b_to_8b": {
      "depth_v4": {
        "bridge_task_score": 0.84375,
        "greedy_continuation_match_rate": 0.6318359375,
        "key_cosine": 0.9289917759597301,
        "next_token_top1_agreement": 0.740234375,
        "perplexity_drift_pct": 48.94493652529634,
        "value_cosine": 0.7923919875174761
      },
      "monotonic_cka_v4": {
        "bridge_task_score": 0.578125,
        "greedy_continuation_match_rate": 0.5224609375,
        "key_cosine": 0.927209529094398,
        "next_token_top1_agreement": 0.7490234375,
        "p95_transform_ms": 25.38408897817135,
        "perplexity_drift_pct": 48.830017125623684,
        "value_cosine": 0.7809523856267333
      }
    },
    "8b_to_14b": {
      "depth_v4": {
        "bridge_task_score": 0.171875,
        "greedy_continuation_match_rate": 0.13671875,
        "key_cosine": 0.9316568123176694,
        "next_token_top1_agreement": 0.814453125,
        "perplexity_drift_pct": 25.120724860063078,
        "value_cosine": 0.7989904452115297
      },
      "monotonic_cka_v4": {
        "bridge_task_score": 0.25,
        "greedy_continuation_match_rate": 0.1845703125,
        "key_cosine": 0.9304902888834476,
        "next_token_top1_agreement": 0.828125,
        "p95_transform_ms": 28.188741765916348,
        "perplexity_drift_pct": 31.589232846378824,
        "value_cosine": 0.7958205780014396
      }
    }
  },
  "dataset": {
    "split_hashes": {
      "test": "243c6f21e1ad7066fd0d345236736f141fea47b19b3fede89f2ff0b48ad41179",
      "train": "3e4cc882a2cae05c34211b46f247691cd4b4fd96ccb33632e98fe33149640113",
      "validation": "fbcb5a68716be8230945d01c503774f5a733b043822d78aaedeac9816a6b0936"
    },
    "test_prompts": 64,
    "train_prompts": 256,
    "validation_prompts": 64
  },
  "experiment": {
    "greedy_tokens": 16,
    "layer_alignment_prompts": 32,
    "layer_alignment_samples": 256,
    "nonlinear_ridge_lambda": 1000.0,
    "rank": 512,
    "ridge_lambda": 1000.0,
    "source_window": 3,
    "suffix_tokens": 16,
    "training_samples": 2048,
    "training_samples_per_prompt": 32
  },
  "generated_at_utc": "2026-07-10T09:26:16Z",
  "layer_alignment": {
    "14b_to_8b": {
      "combined_score": 0.8982107639312744,
      "depth_baseline_score": 0.8722020387649536,
      "key_score": 0.9265718460083008,
      "matched_source_layers": [
        0,
        1,
        3,
        4,
        4,
        4,
        4,
        9,
        11,
        12,
        14,
        14,
        15,
        15,
        16,
        22,
        22,
        22,
        22,
        23,
        23,
        23,
        23,
        23,
        23,
        27,
        28,
        28,
        29,
        34,
        34,
        34,
        34,
        34,
        38,
        38
      ],
      "value_score": 0.869849681854248
    },
    "8b_to_14b": {
      "combined_score": 0.9037046432495117,
      "depth_baseline_score": 0.8718888163566589,
      "key_score": 0.9271326065063477,
      "matched_source_layers": [
        0,
        1,
        2,
        2,
        3,
        3,
        3,
        7,
        7,
        7,
        7,
        8,
        9,
        10,
        10,
        11,
        11,
        12,
        12,
        12,
        12,
        20,
        22,
        22,
        22,
        22,
        22,
        22,
        24,
        25,
        25,
        25,
        30,
        30,
        30,
        30,
        30,
        34,
        34,
        35
      ],
      "value_score": 0.8802768588066101
    },
    "method": "monotonic_linear_cka"
  },
  "model_identities": {
    "qwen3_14b_weights_sha256": "cb0d7f0a0bec1ee514630fefd9d2468fe4f61a684cb154f3f288bf42eec70661",
    "qwen3_8b_weights_sha256": "ee9fc280e4d520ded7fea3db8f0eb6f8c596b0babe95b081b6bcb60544f98b38",
    "tokenizer_sha256": "7dc5ac23a90090f6b3f3545fdd8a1da2d262a7916ec4649e660f03180cbb403c"
  },
  "rejection_reasons": [
    "CKA improves forward generation agreement but regresses forward perplexity drift",
    "CKA regresses reverse greedy continuation and task accuracy",
    "both directions regress key and value cosine",
    "both directions remain below every production output-quality threshold",
    "sealed test split remains unopened",
    "runtime Mooncake cost evidence remains unavailable due local CUDA ABI mismatch"
  ],
  "runtime_cost_measured": false,
  "schema_version": "goldenexperience.cached_kv_cka_layer_alignment_ab.v1",
  "sealed_test_opened": false,
  "selected_as_default": false
}
